,,Competitor Org or Potential Partners or Product				,,,,,,,,,,,,,,,,,,,,,,,,,,,,,,,,,,,,,,,,,,,,,,,,,,,,,,,,,,,,,,,,,,,,,,,,,,,,,,,,,,,,,,,,,,,,,,,,,,,
,Name of Neighborhood Council (NC),Arleta,Arroyo Seco,Atwater Village,Bel Air Beverly Crest,Boyle Heights,CANNDU,Canoga Park,Central Alameda,Central Hollywood,Central San Pedro,Chatsworth,Coastal San Pedro,Del Rey,Downtown Los Angeles,Eagle Rock,East Hollywood,Echo Park,Elysian Valley Riverside,Empowerment Congress Central,Empowerment Congress North,Empowerment Congress Southeast,Empowerment Congress Southwest,Empowerment Congress West,Encino,Foothill Trails District,Glassell Park,Granada Hills North,Granada Hills South,Greater Cypress Park,Greater Toluca Lake,Greater Valley Glen,Greater Wilshire,Harbor City,Harbor Gateway North,Harbor Gateway South,Hermon,Arts District Little Tokyo,Historic Cultural North,Historic Highland Park,Hollywood Hills West,Hollywood Studio District,Hollywood United,LA32,Lake Balboa,Lincoln Heights,Los Feliz,MacArthur Park,Mar Vista,Mid City,Mid City West,Mission Hills,NoHo,North Hills East,North Hills West,North Hollywood Northeast,North Hollywood West,North Westwood,Northridge East,Northridge South,Northridge West,Northwest San Pedro,Olympic Park,Pacoima,Palms,Panorama City,Park Mesa Heights,P.I.C.O.,Pico Union,Porter Ranch,Rampart Village,Reseda,Sherman Oaks,Silver Lake,South Central,South Robertson,Studio City,Sun Valley,Sunland Tujunga,Sylmar,Tarzana,United Neighborhoods,Valley Village,Van Nuys,Venice,Voices,Watts,West Adams,West Hills,West LA - Sawtelle,Westchester Playa,Westlake North,Westlake South,Westside,Westwood,Wilmington,Wilshire Center Koreatown,Winnetka,Woodland Hills-Warner Center,Zapata King,
,EmpowerLA.org NC page URL,empowerla.org/anc,empowerla.org/asnc,empowerla.org/avnc,empowerla.org/babcnc,empowerla.org/bhnc,empowerla.org/canndu,empowerla.org/cpnc,https://empowerla.org/canc/,empowerla.org/chnc,empowerla.org/centralspnc/,empowerla.org/cnc/,empowerla.org/cspnc/,empowerla.org/drnc/,empowerla.org/dlanc/,empowerla.org/ernc,empowerla.org/ehnc,empowerla.org/gepenc,empowerla.org/evrnc/,empowerla.org/eccandc/,empowerla.org/ecnandc/,empowerla.org/ecseandc,empowerla.org/ecswandc/,empowerla.org/ecwandc/,empowerla.org/enc/,empowerla.org/ftdnc/,empowerla.org/gpnc,empowerla.org/ghnnc/,empowerla.org/ghsnc/,empowerla.org/gcpnc,empowerla.org/gtlnc/,empowerla.org/gvgc/,empowerla.org/gwnc/,empowerla.org/harborcity/,empowerla.org/hgnnc,empowerla.org/hgsnc/,empowerla.org/hnc,empowerla.org/adltnc,empowerla.org/hcnnc,empowerla.org/hhpnc,empowerla.org/hhwnc,empowerla.org/hsdnc,empowerla.org/hunc,empowerla.org/la32,empowerla.org/lbnc,empowerla.org/lhnc,empowerla.org/lfnc,empowerla.org/mpnc,empowerla.org/mvcc,empowerla.org/minc,empowerla.org/mcwcc,empowerla.org/mhnc,empowerla.org/nohonc,empowerla.org/nhenc,empowerla.org/nhwnc,empowerla.org/nhnenc,empowerla.org/nohowestnc,empowerla.org/nwwnc,empowerla.org/nenc,empowerla.org/nsnc,empowerla.org/nwnc,empowerla.org/nwspnc,empowerla.org/opnc,empowerla.org/pnc,empowerla.org/palmsnc,empowerla.org/pcnc,empowerla.org/pmhcc,empowerla.org/pico,empowerla.org/punc,empowerla.org/prnc,empowerla.org/rvnc,empowerla.org/rnc,empowerla.org/sonc,empowerla.org/slnc,empowerla.org/southcentralnc,empowerla.org/soronc,empowerla.org/scnc,empowerla.org/svanc,empowerla.org/stnc,empowerla.org/sn,empowerla.org/tnc,empowerla.org/unnc,empowerla.org/ncvv,empowerla.org/vnnc,empowerla.org/vnc/,empowerla.org/voicesof90037,empowerla.org/watts,empowerla.org/wanc,empowerla.org/whnc,empowerla.org/wlanc,empowerla.org/ncwp,empowerla.org/wnnc,empowerla.org/wsnc,empowerla.org/wnc,empowerla.org/wwnc,empowerla.org/wilmington,empowerla.org/wcknc,empowerla.org/winnetka,empowerla.org/whwcnc,empowerla.org/zknc,
,NC URL (if avail),arletanc.org,asnc.us,atwatervillage.org,babcnc.org,bhnc.net,canndunc.org,canogaparknc.org,,chnc.org,centralsanpedro.org,chatsworthcouncil.org,cspnc.org,delreync.org,dlanc.com,ernc.la/,easthollywood.net/,echoparknc.com,https://myevrnc.com/,eccandc.org,nandc.org,southeastnc.org,southwestnc.org,ecwandc.org,encinonc.org,ftdnc.org,glassellparknc.org,ghnnc.org,ghsnc.org,cypressparknc.com,gtlnc.org,greatervalleyglencouncil.org,greaterwilshire.org,harborcitync.com,harborgatewaynorth.org,harborgatewaysouth.org,https://www.hermonneighborhoodcouncil.org/,hcnc-adlt.org,hcnnc.org,highlandparknc.com,hhwnc.org,hsdnc.org,hollywoodunitednc.org,la32nc.org,lakebalboanc.org,lincolnheightsnc.org,losfeliznc.org,,marvista.org,mincla.org,midcitywest.org,mhnconline.org,nohonc.org,northhillseast.org,nhwnc.net,nhnenc.org,nohowest.org,http://northwestwoodneighborhoodcouncil.org/,nenc-la.org,northridgesouth.org,northridgewest.org,nwsanpedro.org,opnc.org,pacoimanc.com,palmsnc.la,panoramacitync.org,parkmesaheights.org,piconc.com,picounionnc.org,prnc.org,rvnc.org,resedacouncil.org,shermanoaksnc.org,https://silverlakenc.org/,southcentralnc.org,soronc.org,studiocitync.org,svanc.org,stnc.org,sylmarneighborhoodcouncil.org,tarzananc.org,unnc.org,myvalleyvillage.com,vnnc.org,venicenc.org,voicesnc.org,https://wattsnc.org/,westadamsnc.org,westhillsnc,https://www.westlasawtelle.org/,ncwpdr.org,westlakenorthnc.org,wsncla.org,wncla.org,wwnc.org,wilmingtonneighborhoodcouncil.com,wcknc.la,winnetkanc.com,whcouncil.org,zapatakingnc.org,
,Region,1,8,7,11,8,9,3,9,5,12,2,12,11,6,8,5,7,7,10,10,9,9,10,3,1,8,2,2,8,4,4,5,12,12,12,8,6,6,8,5,5,5,8,3,8,7,6,11,10,5,1,4,1,2,4,4,11,2,2,2,12,6,1,11,1,10,5,6,2,7,3,4,7,9,11,4,1,1,1,3,10,4,4,11,9,9,10,3,11,11,6,6,11,11,12,6,3,3,9,
,Who performed the analysis ,Randall,Jason,Ebele,Vivek,Maria,Nagesh,Nagesh,,Phoebe,Nagesh,Mahmudul,Audu,Connie,Rabia,Puneet,Phoebe,Gretchen,Chianta,Bennett Z,Abel Zambrano,Jason W,Marianna,Chianta,Phoebe,Myranda,Olivia,Karen,Chianta,Bhaggya,Phoebe,Chianta,Andan Eddy,Vicki Chung,Dmitrii an,Taylor Musolf,Chianta Dorsey,Bryon Hart,Ben Solis,Jason Brown,Katie ,Chianta,Chris Hong,Olivia,Chianta,Chianta,Phoebe Ng,,Danielle Rubio,Liana,Tan,Bret,Yumeng,Chianta,Chianta,Chianta,Chianta,Chianta,Chianta,Chianta,Chianta,Chianta,Chianta,Chianta,Sarah,Patty ,Bernard,Bernard,Bernard,Seena,Chianta,Greg,Phoebe,Chianta,Ali,Yen ,Niven,Bernard,Chianta,Alex,Chianta,Bernard,Jane,Chianta,Dave G,Alyssa,Chianta,Chianta,Chianta,Chianta,Chianta,Chianta,Eric,Chianta,Bernard,Bernard,Phoebe,Nagesh,Kevin,DX,97
,New Analysis Performed By,Amy,Amy,Amy,Amy,Amy,Jasmine,Amy,,,Amy,,Amy,,,Amy,,Snow (started not finished),,,,,,,,,,,,,,,,,Snow,Snow,,,,,,,,,,,,,,,,,,,,,,,,,,,,,,,,,,Jasmine,Jasmine,Jasmine,Jasmine,Jasmine,Jasmine ,,,,,,,,,,,,,,,,,,,,,,,,,,
,Date Performed ,8/18/21,8/2021,8/18/21,8/20/21,8/20/21,8/23/21,8/20/21, ,,8/22/21,,8/22/21,,,8/22/21,,8/23/21,6/12/2021,6/9/2021,,6/9/2021,6/9/2021,6/27/2021,,,,,6/12/2021,6/9/2021,,6/12/2021,,6/9/2021,6/9/2021,6/9/2021,6/12/2021,,,,,6/12/2021,6/9/2021,,6/12/2021,6/19/2021,,,,,,,,6/19/2021,6/19/2021,6/19/2021,6/19/2021,6/27/2021,6/20/2021,6/20/2021,6/20/2021,6/20/2021,6/20/2021,6/23/2021,6/9/2021,6/23/21,6/24/2021,06/23/2021,06/23/2021,08/26/21,8/26/2021,8/26/2021,8/26/2021,8/27/2021,8/27/2021,6/23/2021,,6/25/2021,6/24/2021,,6/25/2021,6/25/2021,,6/25/2021,6/9/2021,,6/25/2021,6/25/2021,6/26/2021,6/26/2021,6/26/2021,6/26/2021,,06/26,6/27,6/26/2021,,,6/23/21,6/9/2021,
Page,Comparison Criteria,arletanc.org,,,,,,,,,,,,,,,,,,,,,,,,,,,,,,,,,,,,,,,,,,,,,losfeliznc.org,,,,,,,,,,,,,,,,,,,,,,,,,,shermanoaksnc.org,Link is wonky. Access website from EmpowerLA page.,,,,,,,,,,,,,,,,,,,,,,,,,,,
Newsletter / News,News (Is there a newsletter or a section for news about the Council),https://arletanc.org,YES,YES,YES,NO,YES,YES,,NO,YES,YES,not current,YES,YES,YES,YES,YES,NO,YES,YES,YES,YES,YES,YES,YES,YES,YES,YES,NO,NO,YES,YES,YES,YES,YES,"YES / But listed as "" Local Updates""",YES,YES,YES,YES,YES,YES,YES,YES,YES,YES,,YES,YES,YES,YES,YES,YES,YES,YES,YES,NO,YES,YES,YES,YES,YES,YES,YES,YES,YES,YES,NO,Yes,"NO (section exists, but under construction)",NO,YES,YES,YES,YES,YES,YES,YES,YES - News section exists but barely any content,YES,YES,YES,YES,YES,YES,YES,YES,YES,YES,YES,YES,YES,NO,YES,YES,YES - in the form of twitter updates at the bottom of page,YES,Yes,YES,
,Newsletter signup for EmpowerLA,NO,Link,NO,Link,NO,NO,NO,,NO,YES,NO,NO,NO,NO,NO,NO,NO,YES,NO,YES,NO,YES,NO,NO,NO,NO,NO,NO,NO,NO,YES,NO,NO,YES,NO,NO,NO,NO,NO,YES,YES,NO,NO,YES,NO,NO,,YES - link to empowerLA.org,NO,NO,YES,NO,NO,YES,YES,YES,NO,NO,NO,YES,NO,YES,NO,NO,NO,YES,NO,NO,No,NO,NO,NO,NO,Yes (navigation footer only),NO,NO,YES,NO,NO,NO,NO,NO,NO,NO,"YES - Blog, but last updated on May 29th, 2020.",YES,NO,NO,NO,NO,NO,NO,NO,NO,NO,NO,YES,No,YES,
,Newsletter sign up for This NC (this can also be an email to sign up for news),YES,YES,YES,YES,YES,YES,YES,,YES,YES,YES,YES,YES,YES,YES,YES,YES,NO,NO,NO,YES,YES,YES,YES,YES,YES,YES,NO / But you can join email list,NO,NO,YES,YES,YES,YES - on main & other pages,YES,YES / Can sign up for updates,YES,YES,YES,YES,YES,YES,NO,YES / Email list for news,YES / Email list for news,YES,,YES,YES,YES,NO,YES,YES,YES,YES,YES,NO,NO,YES,YES,YES,YES ,YES,YES,YES,YES,YES,YES,No,YES (email list at bottom navi),YES,YES,YES (input field is not clear),YES,YES,YES,YES,YES,YES,YES / Email list,YES,YES,YES,NO,YES,YES,NO,YES,YES,YES,YES,YES,NO,YES,YES,YES,YES,Yes,YES,
,Signup Agenda notication through City Early Notification system (https://www.lacity.org/government/subscribe-agendasnotifications/subscribe-other-meeting-agendas/neighborhood-councils),NO,NO,YES,YES,NO,YES - only in bottom nav,YES,,NO,NO,YES,NO,NO,NO,NO,NO,NO,YES,NO,NO,NO,YES,NO,NO,YES,NO,NO,NO,NO,NO,NO,NO,NO,YES - page footer,NO,NO,NO,NO,NO,YES - broken link,YES / Link in committee agendas,NO,NO,YES,YES,NO,,NO,NO,NO,YES,NO,YES,YES,YES,YES,YES,YES,YES,YES,YES,YES,YES,NO,YES,YES,YES,YES,No,NO,Yes (in FAQ section,NO,YES,YES,YES - not clear on how to attend,NO,YES,YES ,YES,YES,NO,YES,YES,"YES - on Board page, which itself is hard to find (have to click on menu title)",YES,YES,NO,NO,NO,NO,YES,NO,NO,NO,NO,YES,YES,No,NO,
NC FAQ,What is a Neighborhood Council? ,YES,YES,NO,YES,YES,NO,YES,,NO,NO,Canc,YES,YES,NO,YES,YES,YES,NO,YES,YES,NO - Link exists to FAQs document but returns 404,NO,YES,YES,YES,YES,NO,NO,NO,YES,NO,NO,YES,YES - but not labeled as such,YES,NO,NO,YES,YES,YES,YES,NO,NO,NO,YES,YES,,"YES - ""What is Mar Vista Community Council""",YES,YES,NO,YES,YES,YES,YES,YES,NO,YES,YES,YES,YES,YES,YES,YES,NO,NO,YES,NO,Yes,YES ,YES,YES,YES,YES,YES,YES,YES,YES,YES,YES,NO,YES,YES,NO,YES - At the bottom of the website. No FAQ.,YES,YES,YES,YES,YES,YES,YES,NO,NO,NO,NO,NO,Yes,NO,
,What is the Council’s Jurisdiction? (Is there an explanation of the type of power the council has),YES,YES,NO,YES,YES,NO,NO,,NO,NO,NO,NO,YES,YES,YES,YES,YES,NO,YES,YES,YES,YES,YES,YES,YES,YES,YES,YES,NO,YES,YES,YES,YES,YES - I think?,YES,YES,YES,YES,YES,YES,YES,NO,NO,YES,YES,YES,,YES,YES,YES,NO,NO,YES,YES,YES,YES,NO,YES,YES,YES,NO,YES,YES,YES,YES,NO,YES,YES,Yes,YES ,YES,YES,YES,YES,YES,YES,YES,YES,NO,YES,NO,YES,YES,YES - In 'More' and sidebar,NO,YES,YES,YES,YES,YES,YES,NO,NO,NO,NO,NO,YES,Yes,YES,
,Who is on the Council?,YES,YES,NO,YES,YES,YES,YES,,YES,YES,YES,YES,YES,YES,YES,YES,YES,YES,YES,YES,YES,YES,YES,YES,YES,YES,YES,YES,NO,YES,YES,YES,YES,YES,YES,YES,YES,NO,YES,YES,YES,YES,YES,YES,YES,YES,,"YES - page for who is on the board, unsure if same thing",YES,YES,YES,YES,YES,YES,YES,YES,NO,YES,YES,YES,YES,YES,YES,YES,YES,YES,YES,YES,Yes,YES ,YES,NO,YES,YES,YES,YES,YES,YES,YES,YES,YES,YES,YES,YES,YES - Under the Board of Directors Link,YES,YES,YES,YES,YES,YES,YES,NO,YES,YES,YES,YES,Yes,YES,
,When and Where Does the Governing Board Meet?,NO,YES,NO,YES,YES,YES,YES,,NO,YES,YES,YES,NO,YES,YES,YES,YES,YES,YES,YES,NO - Link exists for FAQs document but returns 404,YES,YES,YES,YES,YES,YES,YES,NO,YES,YES,YES,YES,YES,YES,YES,NO,YES,YES,YES,YES,YES,YES,YES,YES,YES,,YES,YES,YES,YES,YES,YES,YES,YES,YES,NO,YES,YES,YES,YES / Listed on calendar,YES,YES,YES,YES,YES,YES,YES,Yes ,YES ,YES,NO,YES,YES,YES,YES - not clear on how to attend,YES,YES,YES,YES,YES,YES,YES,YES,YES - Under Upcoming Meetings and Events Link.,YES,YES,YES,YES,YES,YES,YES - hard to find,YES,NO,NO,YES,YES,Yes,YES,
,Can Anyone Attend Meetings? (Is there a description of who can attend meetings),YES,"YES - implied, not stated","YES - implied, not stated","YES - implied, zoom link in calendar ",NO,YES - only when you click about us (no subheader),YES,,YES,YES,YES,YES,"YES, I'm not sure",YES,YES,YES,NO,YES,YES,YES,NO - Link exists for FAQs document but returns 404,YES,NO,YES,NO,YES,"YES - could be more clear ""Join Us""",NO,YES,YES - zoom link is public,NO,NO,YES,MAYBE - In Stakeholder description,NO,NO ,NO - Site has request for most meeting elements,YES,YES,YES,YES,NO,YES,YES,YES,YES,,YES,YES,YES,YES,YES,YES / How to participate section,YES / How to participate section,YES,YES / How to participate section,NO,YES,NO,NO,NO,YES,YES,YES,NO,NO,YES,YES,Yes,YES ,YES,NO,YES,YES,YES,YES,YES,YES,YES,YES,YES,YES,YES,NO,YES - Under Upcoming Meetings and Events Link.,YES,YES,YES,YES,YES,YES,NO,YES,YES,NO,NO,YES,No,YES,
,What is a Stakeholder?,YES,NO,NO,NO,NO,YES - only when you click about us (no subheader),YES,,YES,NO,NO,YES,YES,NO,NO,YES,NO,NO,YES,YES,NO - Link exists for FAQs document but returns 404,YES,YES,YES - could be clearer,YES,YES,YES,NO,NO,NO,NO,NO,NO,YES,YES,NO,NO - site contains links to stakeholders but no definition,YES,YES - not clear/hard to find,YES,YES,NO,NO,NO,YES,YES,,"YES - had to dig for it (About > ""How do I get involved in MVCC?"")",YES,YES,NO,YES,NO,YES,YES,YES,NO,YES,YES,NO,NO,YES,YES,YES,NO ,NO,NO,NO,"Yes (see ""contact us"")",YES ,YES,YES,YES,YES,YES,YES,NO,YES,YES,YES,NO,YES,NO,YES - on elections page,YES - Under the Resources Tab (Also titled as Stakeholder Resources),YES,NO,YES,YES,YES,YES,NO,NO,NO,NO,NO,NO,Yes,NO,
,Districts (Is there a description of the districts or boundaries that the neighborhood council represents),YES,YES,YES - by using the map,YES,YES,YES - only when you click about us (no subheader),YES,,YES,NO,NO,YES,YES,YES - in the BY-LAWS .pdf,NO,YES - can figure out with map,YES,NO,YES,NO,NO - Link exists for FAQs document but returns 404,NO,NO,"YES - is a written description of area, visual could be better",YES,YES,YES,NO,YES,YES,YES,YES,YES,YES,YES,YES,YES,YES,YES,YES,YES,YES,NO,NO,YES,YES,,YES,YES,YES,NO,NO,YES,YES,YES,NO,NO,NO,NO,NO,NO,NO,NO,YES,YES,YES,YES,YES,Yes,Yes (no visual map),NO,YES,YES,NO,YES,YES,YES,YES,NO,NO,YES,YES,YES,NO,YES - Under the Resources Tab (Also titled as Stakeholder Resources),NO,NO,YES,YES,YES,YES,NO,NO,NO,NO,NO,YES,Yes,NO,
,Community Interest Groups & Committees,YES,YES,YES,YES,YES,NO,Some Inactive,,YES,YES,YES,YES,YES,YES - just Committees,one,YES,YES,YES,NO,NO,YES,YES,YES,YES,YES,YES,YES,YES,YES,NO,YES,YES,NO,YES,YES,YES,NO,YES,YES,YES,YES,NO,YES,YES,YES,YES,,YES,NO,YES,YES - Committees only,NO,YES,YES,YES,YES,NO,YES,YES,YES,YES,YES,YES,YES,YES,NO,YES,YES,Yes,YES ,YES,NO,YES,NO,YES,YES,NO,YES,YES,YES,YES,NO,YES,YES,YES - Under the Committees Tab.,NO,YES,YES,YES,YES ,YES,NO,YES,YES,YES,NO,YES,Yes,NO,
,What are Bylaws?,NO,NO,NO,YES,NO,NO,NO,,YES,NO,YES,NO,YES,YES,YES,NO,NO,NO,YES,YES,NO - Link exists for FAQs document but returns 404,NO,NO,NO,YES,YES,NO,NO,NO,NO,NO,NO,NO,NO,NO,NO,NO,NO,YES,NO,NO,YES,NO,NO,NO,NO,,NO,NO,YES,NO,NO,NO,NO,NO,NO,NO,NO,NO,NO,NO,NO,NO,NO,NO,NO,NO,NO,No,YES ,YES,NO,YES,NO,YES,YES,NO,NO,NO,NO,NO,YES,NO,NO,NO,NO,NO,NO,NO,NO,NO,NO,NO,NO,NO,YES,NO,Yes,NO,
,Current Bylaws,YES,YES,YES,YES,YES,YES - last updated 2015,YES - linked as PDF,,YES,YES,YES,YES,NO,YES,YES,YES,YES,YES,YES,YES,YES,YES,YES,YES,YES,YES,YES,YES,NO,YES,YES,YES,YES,YES,YES,YES,NO,YES,YES,YES,YES,YES,YES,YES,YES,YES - link to drive,,NO,YES,YES,YES,NO,YES,YES,YES,YES,NO,YES,YES,YES,YES,YES,NO,YES,YES,YES,YES,YES,Yes (as a checkbox in the meetings section),YES ,YES,YES,YES,YES (About),YES,YES,YES,YES,NO,YES,YES,YES,NO,YES - on Rules Cmte page and under More / Resources,YES - Must click on the Board tab and select Bylaws. Another option is to scroll at the bottom of the page and click on Bylaws,YES,YES,YES,YES,YES,YES,YES,YES,YES,YES,YES,YES,Yes,NO,
Elections,Candidates,NO,NO,NO,YES,NO,NO,NO,,NO,YES,YES,YES,NO,NO,NO,NO,YES,NO,YES - in link,NO,NO,YES,NO,NO,NO,NO,NO,YES / But under their news section,YES,YES,YES / But presented in news section,NO,NO,YES,YES,NO,YES,YES,YES,NO,NO,YES,NO,YES / In news post,NO,NO,,NO,NO,NO,YES,YES-The link is not accessible,YES / Found in news section,YES / In News section,YES / In News section,YES / Link to external website,NO,NO,NO,YES / Link to external website,NO,YES / Link to external website,NO,NO,NO,NO,NO,NO,No,YES / Links to external website,NO,NO,NO,NO,YES -Reference to rules but can't access,YES,YES,NO,NO,NO,NO,NO,YES,YES - in a pdf,NO,YES,YES,NO,NO,YES,NO,NO,NO,NO,NO,YES,NO,No,NO,
,Seat Descriptions ,NO,NO,NO,YES,NO,NO,NO,,NO,YES,NO,YES,NO,NO,NO,NO,YES,NO,NO,YES,NO,YES,NO,NO,NO,NO,NO,YES / But under their news section,YES,NO,YES / But presented in news section,NO,NO,NO,YES,NO,YES,YES,YES,NO,YES,NO,NO,YES / In news post,NO,NO,,NO,NO,NO,NO,NO,YES / Found in news section,YES / In News section,YES / In News section,YES / Link to external website,YES,NO,NO,YES / Link to external website,NO,YES / Link to external website,NO,NO,NO,NO,NO,NO,No,YES / Links to external website,NO,NO,NO,NO,YES -Reference to rules but can't access,NO,YES,NO,NO,NO,NO,NO,YES,NO,NO,YES,NO,NO,YES,YES,NO,NO,NO,NO,YES,YES,NO,No,NO,
,"Important Dates (Is there a description of important dates related to voting, running, etc.)",NO,NO,hard to find,YES,YES,NO,NO,,NO,YES,YES,YES,NO,YES,NO,NO,YES,NO,YES - in link,YES,NO,YES,NO,YES,YES,YES,NO,YES,YES,YES,YES / But doesn't have this specific name,YES,YES,YES,YES,YES,YES,YES,YES,NO,YES,YES,NO,YES,NO,NO,,YES,NO,NO,YES,NO,YES / Found in news section,YES,YES / In News section,YES / In news section,NO,YES,NO,YES,YES,YES,NO,YES,YES,NO,YES,YES,No,YES / Links to external website,NO,YES,NO (only elections archive under Committes),NO,YES -Reference to rules but can't access,YES,YES,YES,NO,NO,YES,NO,YES,YES,NO,YES,YES,YES,YES,YES,NO,NO,NO,NO,YES,YES,NO,No,NO,
,How to Register & Vote,NO,NO,hard to find,YES,NO,NO,NO,,NO,YES,YES,YES,NO,YES,NO,NO,YES,NO,YES - in link,YES,NO,YES,NO,YES,YES,YES,NO,NO,YES,YES,NO,YES,YES,YES,YES - linked from feed in main  page,YES / A buried link under NC Elections section,YES,YES,YES,NO,NO,NO,NO,NO,NO,YES,,YES,NO,NO,NO,NO,YES / Found in news section,YES,NO,YES / In news section,NO,YES,NO,YES,NO,YES / Link to external website,NO,YES,YES / Link to external website https://empowerla.org/elections/,NO,YES,NO,No,YES / Links to external website,NO,YES,NO,NO,YES,YES,YES,YES,NO,NO,YES,YES - outside hyperlink,NO,YES,NO,NO,YES / Link to external website,NO,NO,YES ,NO,NO,NO,NO,YES,YES,NO,No,NO,
Governing Board,Board Members,YES,YES,YES,YES,YES,YES,YES,,YES,YES,YES,YES,YES,YES,NO,YES,YES,YES,YES,YES,YES,YES,YES,YES,YES,YES,YES,YES,YES,YES,YES,YES,YES,YES,YES,YES,YES,YES,YES,YES,YES,YES,YES,YES,YES,YES,,YES,YES,YES,YES,YES,YES,YES,YES,YES,NO,YES,YES,YES,YES,YES,YES,YES,YES,YES,YES,YES,Yes,YES,YES,YES,YES,YES,YES,YES,YES,YES,YES,YES,YES,YES,YES,YES,YES,YES,YES,YES,YES,YES,YES,YES,YES,YES,YES,YES,YES,Yes,YES,
,- First Name ,YES,YES,YES,YES,YES,YES,YES,,YES,YES,YES,YES,YES,YES,NO,YES,YES,YES,YES,YES,YES,YES,YES,YES,YES,YES,YES,YES,YES,YES,YES,YES,YES,YES,YES,YES,YES,YES,YES,YES,YES,YES,YES,YES,YES,YES,,YES,YES,YES,YES,YES,YES,YES,YES,YES,NO,YES,YES,YES,YES,YES,YES,YES,YES,YES,YES,YES,Yes,YES,YES,YES,YES,YES,YES,YES,YES,YES,YES,YES,YES,YES,YES,YES,YES,YES,YES,YES,YES,YES,YES,YES,YES,YES,YES,YES,YES,Yes,YES,
,- Last Name,YES,YES,YES,YES,YES,YES,YES,,YES,YES,YES,NO,YES,YES,NO,YES,YES,YES,YES,YES,YES,YES,YES,YES,YES,YES,YES,YES,YES,YES,YES,YES,YES,YES,YES,YES,YES,YES,YES,YES,YES,YES,YES,YES,YES,YES,,YES,YES,YES,YES,NO,YES,YES,YES,YES,NO,YES,YES,YES,YES,YES,YES,YES,YES,YES,YES,YES,Yes,YES,YES,YES,YES,YES,YES,YES,YES,YES,YES,YES,YES,YES,YES,YES,YES,YES,YES,YES,YES,YES,YES,YES,YES,YES,YES,YES,YES,Yes,YES,
,- Seat (District # or Community Interest),YES,YES,YES,YES,YES,NO,YES,,YES,NO,NO,NO,"YES, title only no district #",YES - title only,NO,YES,YES,NO,NO,YES,YES,YES,YES,YES,YES,YES,YES,NO,YES,YES,YES,YES,YES,YES,YES,YES,YES,YES,NO,YES,YES,YES,YES,NO,YES,YES,,YES,YES,YES,YES,YES - only one member has the email,YES,NO,NO,NO,NO,NO,NO,YES,NO,YES,YES,YES,NO,YES,YES,YES,No,YES,NO,YES,YES,NO,YES,YES,YES,YES,NO,YES,YES,NO,YES,YES,YES,YES,YES,YES,YES,YES,YES,YES,YES,YES,YES,YES,NO,Yes,YES,
,- Email ,YES,YES,YES,YES,YES,YES,YES,,YES,NO,NO,NO,YES,YES,NO,YES,YES,YES / In a link,YES,YES,NO,YES,YES,YES,YES,YES,YES,YES,YES,YES,YES,YES,NO,YES,Maybe - on EmpowerLA site,YES,YES,YES,YES,YES - Some pages have contact info some do not,YES,YES,NO,YES,YES,YES,,YES,YES,YES,YES,NO,NO,YES,YES ,YES,NO,YES,NO,YES,NO,YES,YES,YES,YES,YES,YES,YES,Yes,YES,NO,YES,YES,NO,YES,YES,YES,YES ,NO,YES,NO,YES - general inquiry email,YES,NO - contact form,YES,YES,YES,YES,YES,YES,YES,NO,NO,NO,NO,YES,YES,Yes but hidden,YES,
,- Ethics Expiration,NO,NO,NO,NO,NO,NO,NO,,NO,NO,NO,NO,NO,NO,NO,NO,NO,NO,NO,YES,NO,NO,NO,NO,NO,NO,NO,NO,YES,NO,NO,NO,NO,NO,Maybe - on EmpowerLA site,NO,NO,NO,NO,NO,NO,NO,NO,NO,YES,NO,,NO,YES,NO,NO,NO,NO,NO,NO,NO,NO,NO,NO,NO,NO,NO,NO,NO,NO,NO,NO,NO,No,NO,NO,NO,NO,NO,NO,NO,NO,NO,NO,YES,NO,NO,NO,NO,NO,NO,NO,NO,NO,NO,NO,NO,NO,NO,NO,NO,NO,No,NO,
,- Funding Expiration,NO,NO,YES,NO,NO,NO,NO,,NO,NO,NO,NO,NO,NO,NO,NO,NO,NO,NO,YES,NO,NO,NO,NO,NO,NO,NO,NO,NO,NO,NO,NO,NO,NO,Maybe - on EmpowerLA site,NO,NO,NO,NO,NO,NO,NO,NO,NO,YES,NO,,NO,NO,NO,NO,NO,NO,NO,NO,NO,NO,NO,NO,NO,NO,NO,NO,NO,NO,NO,NO,NO,No,NO,NO,NO,NO,NO,NO,NO,NO,NO,NO,YES,NO,NO,NO,NO,NO,NO,NO,NO,NO,NO,NO,NO,NO,NO,NO,NO,NO,No,NO,
,- Code of Conduct Expiration,NO,NO,NO,NO,NO,NO,NO,,NO,NO,NO,NO,NO,NO,NO,NO,NO,NO,NO,YES,NO,NO,NO,NO,NO,NO,NO,NO,YES,NO,NO,NO,NO,NO,Maybe - on EmpowerLA site,NO,NO,NO,NO,NO,NO,NO,NO,NO,YES,NO,,NO,NO,NO,NO,NO,NO,NO,NO,NO,NO,NO,NO,NO,NO,NO,NO,NO,NO,NO,NO,NO,No,NO,NO,NO,NO,NO,NO,YES -Reference to rules but can't access,NO,NO,NO,YES,NO,NO,NO,NO,NO,NO,NO,NO,NO,NO,NO,NO,NO,NO,NO,NO,NO,No,NO,
,- Date of term ending ,YES,NO,NO,NO,NO,YES,YES,,NO,NO,NO,NO,NO,NO,NO,NO,NO,NO,NO,NO,NO,NO,NO,NO,NO,NO,YES,NO,NO,NO,NO,NO,NO,NO,Maybe - on EmpowerLA site,NO,NO,NO,NO,NO,NO,NO,YES - year only,NO,NO,YES,,NO,NO,YES,YES,YES,NO,NO,NO,YES,NO,YES,NO,NO,NO,NO,NO,NO,NO,NO,NO,NO,Yes,NO,NO,NO,NO,NO,YES,NO,YES,NO,NO,YES,YES,NO,NO,NO,NO,NO,NO,NO,YES,NO,NO,NO,NO,NO,NO,NO,YES,No,NO,
,- Bios,NO,NO,NO,YES,NO,NO,NO,,NO,NO,NO,NO,NO,NO,NO,NO,NO,NO,YES,NO,NO,NO,NO,NO,YES,NO,NO,NO,NO,NO,NO,NO,NO,YES - on pages for individual districts,NO,NO,NO,NO,YES,YES,NO,NO,NO,NO,NO,NO,,YES - coming soon,NO,NO,NO,NO,NO,YES,NO,NO,NO,NO,NO,NO,NO,NO,NO,YES,NO,NO,YES,YES,No,YES,NO,YES,YES,NO,YES,NO,NO,YES,NO,NO,NO,YES - general for the entire board,NO,NO,YES,NO,NO,YES,NO,NO,NO,NO,YES,YES,NO,NO,YES,No,YES,
Committees ,Links to committees ,YES,YES,YES,YES,YES,NO,YES,,YES,YES,YES,YES,NO,YES,NO,YES,YES,YES,NO,NO,NO,YES,YES,YES,YES,YES,YES,YES,NO,YES,YES,YES,YES,YES - left menu expands under Committees,NO,YES,NO,NO,YES,YES,YES,NO,YES,YES,YES,YES,,YES,YES,YES,YES,YES,YES,YES,YES,YES,NO,YES,YES,YES,YES,YES,YES,YES,YES,YES,YES,YES,Yes,YES,YES,YES,YES,NO,YES,YES,YES,YES,YES,YES,YES,NO,YES,YES,YES,NO,YES,YES,YES,YES,YES,NO,YES,YES,YES,YES,YES,No,YES,
Links of Committees ,"Members (This is not the chair or co-chair, but other members listed as part of the committee)",NO,YES,YES,YES,NO,NO,Some,,YES,YES,YES,YES,YES,NO,NO,YES,YES,YES,NO,NO,YES,NO,NO,YES,NO,YES,NO,YES,NO,YES,YES,YES,YES,YES - on each committee page,YES,NO,NO,NO,YES,YES,YES,NO,YES,NO,YES,YES,,YES,YES,YES,YES,YES,NO,YES,YES,NO,NO,YES,NO,NO,YES,NO,NO,YES,NO,YES,YES,YES,Yes,NO,YES,YES,NO,NO,YES,YES,NO,YES,YES,NO,NO,YES,NO,YES,"YES - Names mentioned on the webpage and PDFs, but no links.",NO,YES,YES,YES,YES,YES / Some list them,NO,YES,YES,YES,"YES - Names are listed out, but no links to contact info.",NO,Yes,YES,
,Chair,YES,NO,YES,YES,NO,NO,NO,,YES,YES,YES,YES,NO,,NO,YES,YES,YES,NO,NO,NO,YES,NO,YES,NO,YES,NO,YES,YES,YES,YES,YES,YES,YES - on each committee page,YES,YES,NO,NO,YES,YES,YES,NO,YES,YES,YES,YES,,YES,YES,YES,YES,YES,YES,YES,YES,YES,NO,YES,YES,YES,YES,YES,YES,YES,NO,YES,YES,YES,Yes,YES,YES,YES,YES,NO,YES -Reference to rules but can't access,NO,NO,YES,YES,YES,YES,YES,YES,YES,"YES - Names mentioned on the webpage and PDFs, but no links.",NO,YES,YES,YES,YES,YES / Some list them,NO,YES,YES,YES,YES,YES,Yes,YES,
,Links to meeting agendas and minutes (including Board),YES,YES,YES,YES,YES,YES,Some,,YES,YES,YES,YES,YES,YES - some are missing,YES,YES,YES,YES,YES,YES,YES / Agenda but no minutes,YES,YES / Some have links to agendas,YES,YES,YES,YES,YES,YES / But hard to find,YES,YES,YES,YES,YES - on each committee page,MAYBE - only board,YES,YES,YES,YES,YES - Some committes/meetings have minutes some do not,YES,YES,NO,YES,YES,YES,,YES,YES,YES,YES,YES,YES,YES,YES,YES,YES,YES,YES,YES,YES,YES,YES,YES,YES,YES,YES,YES,Yes,NO,YES,YES,YES,YES ,YES,YES,YES,YES,YES,YES,YES,YES,YES,YES,YES,YES,YES,YES,YES,YES,YES / Links to agenda but no minutes,YES,YES,YES,YES,YES,YES,Yes but hidden,YES,
,Email (Does the committee have a separate email from the ones listed for the Board members),NO,NO,YES,YES,NO,NO,Some,,YES,NO,YES,YES,YES,NO,NO,YES,YES - certain committees have specific email addresses listed,NO,NO,NO,NO,YES,NO,YES,YES,YES,NO,YES,YES,YES,NO,YES,NO,NO,NO,YES,YES,NO,YES,YES - Some pages have contact email some do not,NO,YES,NO,NO,NO,YES,,NO,YES,YES,NO,YES,NO,NO,NO,NO,NO,NO,NO,NO,NO,YES,NO,YES,NO,YES,YES,YES,Yes,NO,YES,YES,YES,NO,YES,YES,YES,NO,YES,YES,NO,YES,NO,NO,NO,NO,NO,NO,NO,NO,NO,NO,YES,NO,NO,NO,YES,Yes but hidden,NO,
,News and updates (specific to committee),for some,YES,YES,NO,Limited,NO,NO,,NO,YES,YES,NO,"YES, google drive to agendas and PDFs",NO,NO,YES,YES - certain committees have specific email addresses listed,NO,NO,NO,NO,NO,NO,NO,YES,NO,NO,YES,NO,NO,NO,NO,YES,YES,NO,NO,NO,NO,YES,YES - Some pages have contact info some do not,NO,YES,NO,NO,NO,YES,,NO,YES,YES,NO,NO,YES,NO,NO,NO,NO,NO,NO,NO,NO,NO,NO,NO,NO,YES,YES,NO,No,NO,NO,NO,NO,NO,NO,YES,NO,NO,NO,NO,NO,NO,NO,NO,YES - Updates mentioned in the agenda and minutes (PDF Files) after clicking on the Committees tab.,NO,NO,YES / Some have them,NO,NO,NO,NO,NO,NO,NO,NO,YES,Yes,YES,
,Zoom link (Any Zoom info related to online meetings or teleconferencing),link in mtg minutes but  I can't find one before meeting,YES,YES,YES,NO,YES - only in pdf link,YES - common zoom link,,YES,YES,YES,YES,NO,NO,YES,YES,YES - on calendar,YES,NO,NO,NO,NO,YES,YES,NO,YES - Zoom link only shows up slightly before the meeting,YES ,YES,NO,YES,YES / Some have links or dial in number,YES,NO,NO - But is it listed on calendar if there is a meeting scheduled?,YES / Also listed on calendar ,YES / Listed on calendar ,NO,NO,NO,YES - Some pages have contact info some do not,YES,YES,YES,YES,YES,YES,,NO,YES,YES,NO,YES,YES,NO,NO ,YES / One had it,YES,YES,NO,YES,YES / Some have Zoom links or Zoom dial in info,NO,YES / Link embedded in agenda,NO,YES ,NO,YES,YES,Yes,NO,YES,"YES - hard to find, in meeting agenda PDF",YES,NO,YES,NO,YES,YES,NO,YES,YES,NO,YES,NO,YES - Mentioned under the Minutes and Agenda PDF Files.,YES,YES / In agenda,YES,YES,YES,NO,NO,NO,NO,NO,"YES - hard to find, have to open meeting adgenda PDF",NO,No,NO,
,Submit Agenda Items,NO,YES,NO,NO,YES,NO,NO,,NO,NO,NO,NO,NO,NO,NO,NO,NO,NO,NO,NO,NO,NO,NO,NO,YES,YES,NO,NO,NO,NO,NO,NO,NO,NO,YES,NO,YES,NO,YES,NO,NO,NO,NO,NO,NO,NO,,NO,NO,NO,NO,NO,NO,YES / How to participate section,NO,NO,NO,NO,NO,NO,NO,YES / How to participate section,NO,NO,NO,NO,YES,NO,No,NO,NO,NO,YES (in About section),NO,YES / Share your opinion,NO,NO,YES,NO,YES,NO,NO,NO,YES,"YES - Agenda Items are visible, but not a submit button.",YES,NO,NO,YES / Under FAQs,NO,NO,NO,NO,NO,NO,NO,NO,Yes,NO,
Get Involved ,Open positions (non board),NO,YES,NO,NO,NO,NO,NO,,NO,YES,YES,YES,NO,NO,YES,NO,NO,NO,NO,NO,NO,NO,NO,NO,NO,YES,NO,NO,NO,NO,NO,NO,NO,NO,NO,NO,NO,NO,YES,NO,NO,NO,YES,NO,YES,YES,,NO,YES,NO,NO,NO,YES / On committee page,NO,NO,NO,NO,NO,NO,YES / It says pending instead of vacant,NO,YES,NO,NO,NO,NO,NO,YES,No,YES / Links to external website,YES,NO,NO,NO,NO,YES,NO,NO,NO,NO,NO,YES,NO,NO,YES,NO,NO,YES,NO,NO,NO,NO,NO,NO,NO,NO,NO,Yes,NO,
,Neighborhood Purpose Grant ,YES,"YES - linked as ""about funding""",NO,YES,YES,NO,YES,,NO,NO,NO,NO,NO,NO,NO,YES,YES,YES / But it is not listed in the main navigation. ,NO,NO,NO,NO,YES,NO,YES,YES,YES,YES,NO,NO,YES / Listed under Resources page,YES,YES,NO,NO,YES,NO,YES,YES,NO,YES / Form embedded in link,NO,NO,YES,YES,YES,,NO,YES,NO,NO,NO,YES,YES,YES,YES,NO,YES,YES,YES,NO,YES,NO,NO,NO,NO,YES,NO,No,NO,YES,NO,YES,YES,NO,NO,NO,YES,NO,NO,YES,NO,NO,NO,YES,YES,YES,YES,YES,YES / Link to external website,NO,NO,NO,YES,NO,YES,YES,No,YES,
,How to Request Funding (For neighborhood purpose grant),YES but broken link to form,page not found,NO,YES,NO,NO,YES,,NO,NO,NO,YES,NO,NO,NO,NO,NO,NO,NO,NO,YES - but hard to find - buried in Contact Us page,NO,YES,NO,YES,YES,NO,NO,NO,NO,NO,NO,YES,NO,NO,YES / Not a separate page,YES,NO,NO,NO,NO,NO,NO,YES,NO,NO,,NO,NO,NO,NO,NO,NO,YES,YES,YES,NO,YES,YES,NO,NO,YES,NO,NO,NO,NO,YES,NO,No,NO,NO,NO,NO,YES,NO,YES,NO,YES,NO,NO,YES,YES - outside hyperlink,NO,NO,YES - Info under Resources -> Neighborhood Purpose Grants,YES,YES,YES,YES,NO,NO,NO,NO,YES,NO,NO,NO,No,YES,
Map ,Boundary map with districts ,YES,YES,YES,YES,YES,NO,YES,,YES,YES,YES,YES,YES,YES - in the bY-LAWS .pdf,YES,YES,YES,YES,YES,YES,NO,YES,YES,"YES - at the very bottom of About Us Page, hard to find",YES,YES,YES,YES,NO,"YES -  looks tilted, hard to see",YES,YES,YES,YES,YES,YES,YES,YES,YES,YES,NO,YES,YES,YES,YES,YES,,YES,YES,YES,YES,YES,YES,YES,YES,YES / Doesn't list districts ,NO,YES,YES ,YES ,YES,YES,YES,YES,YES,YES,YES,YES,NO,YES,NO,YES,YES,YES - no district,YES,YES,YES,YES,NO,YES,YES,YES,YES,YES,YES - Under the About -> Area Boundaries and Map,YES,YES,YES,YES,YES,YES,NO,YES,YES,NO,YES,YES,Yes,YES,
Calendar ,Interactive Calendar - Events of current month ,calendar link but no calendar,NO,YES,YES,YES,YES,YES,,YES,YES,YES,YES,YES,YES,YES,YES,YES,YES,YES,NO,NO,YES,YES,YES,YES,YES,YES,YES,YES,NO,YES,YES,YES,YES,YES,YES,NO,YES,YES,YES,YES,YES,NO,YES,YES,YES,,YES,YES,YES,YES,YES,YES,YES,YES,YES / Doesn't list events on calendar,NO,NO,YES,YES,YES,YES,YES,YES,YES,YES,YES,YES,Yes,NO,YES,YES,YES,YES - but empty,YES,YES,YES,YES,YES - Calendar exists but no events for this month,YES,YES,YES,YES,YES,YES,YES,YES,YES,YES,YES,YES,YES,NO,YES,YES,YES,YES,Yes,YES,
Contact,Links to social media ,YES,YES,YES,YES,YES,YES,YES,,YES,YES,NO,NO,YES,YES,YES,YES,YES,YES,YES,YES,YES - but no events listed (checked back to January 2021,YES,YES,YES,YES,YES,YES,YES,YES,YES,YES,YES,NO,YES (Facebook),YES (Facebook),YES,NO,YES,YES,NO,NO,YES,NO,YES,NO,YES,,YES,YES,YES,YES,YES,NO,YES,YES,YES,NO,YES,NO,YES,YES,YES,YES,YES,YES,YES,YES,YES,Yes,YES,YES,YES,YES,NO,YES,YES,YES,YES,YES,YES,YES,YES,NO,NO,YES,YES,YES,YES,YES,YES,YES,NO,YES,NO,NO,YES,YES,Yes,YES,
,Phone number ,NO,NO,YES,YES,YES,YES,YES,,NO,YES,YES,YES,YES,NO,NO,YES,NO,NO,YES,YES,NO,NO,YES,YES,YES,NO,YES,YES,YES,YES,NO,YES,YES,YES,YES,YES,YES,YES,YES,YES,YES,NO,NO,YES,NO,YES,,NO,YES,YES,YES,NO,YES,YES,YES,YES,NO,YES,NO,YES,YES,NO,NO,NO,YES,NO,YES,YES,Yes,YES,NO,YES,YES,NO,YES,YES,YES,YES,YES,NO,YES,YES,YES,NO,NO,NO,NO,YES,YES,NO,NO,NO,YES,YES,YES,NO,YES,Yes,YES,
,Mailing address,YES,NO,YES,YES,YES,YES,YES,,YES,YES,YES,YES,NO,YES,NO,YES,YES,YES,YES,YES,YES,YES,YES,NO,YES,NO,YES,YES,YES,YES,YES,YES,YES,YES,YES,YES,YES,YES,YES,YES,YES,YES,NO,YES,NO,YES,,YES,YES,YES,YES,YES,YES,YES,NO,YES,NO,YES,YES,YES,YES,YES,YES,YES,NO,YES,YES,YES,Yes,YES,NO,YES,YES  ,YES,YES,YES,YES,YES,NO,YES,YES,YES,YES,NO,NO,YES,YES,YES,YES,YES,NO,NO,YES,YES,YES,YES,YES,Yes,YES,
,Contact us form,YES,NO,NO,YES,YES,YES,email,,YES,YES,NO,NO,NO,YES,NO,YES,YES,YES,NO,NO,YES,YES,YES,YES,YES,YES,YES,YES,YES,YES,YES,NO,NO,YES,NO,YES,YES,YES,YES,YES,YES,YES,NO,YES,NO,YES,,YES,YES,YES,YES,YES,YES,YES,YES,YES,NO,YES,NO,YES,NO,YES,YES,YES,YES,YES,YES,NO,No,YES,NO,YES,NO,YES,NO,YES,YES,YES,YES,YES,NO,NO,YES,YES,YES,YES,NO,YES,YES,YES,YES,NO,NO,YES,NO,YES,YES,Yes,YES,
Navigation,Search ,NO,YES,NO,NO,NO,YES,NO,,YES,YES,NO,NO,NO,YES,NO,NO,YES,YES,YES,YES,YES,YES,YES,NO,NO,YES,NO,YES,YES,NO,YES,YES,NO,YES - in header,NO,YES,YES,YES,YES,YES,YES,YES,NO,YES,NO,YES,,NO,YES,YES,YES,NO,YES,YES,YES,YES,NO,NO,NO,YES,YES  ,YES,NO,NO,NO,YES,YES,YES,Yes,NO,NO,NO,NO,YES,YES,NO,YES,NO,NO,NO,YES,YES,YES,NO,NO,YES,NO,NO,YES,YES ,NO,NO,NO,NO,NO,YES,YES,Yes,YES,
Emergency Preparedness,Links to emergency services or events that the council hosted on emergency preparedness.,YES - some resources and contact info listed,NO,YES, , ,NO,public safety cmt,,NO, ,NO,committee,NO,NO,NO,NO,NO,NO,NO,NO,NO,YES,NO,NO,NO,NO,NO,"YES / They have a committee for this, and it is discussed in news",YES,NO,YES / But discussed in news,NO,NO,YES on Emergency Preparedness Committee Page,YES,YES,NO,NO,NO,YES - Fire and Brush Preparation,NO,YES,NO,YES,NO,NO,,NO,NO,YES,YES - link to emergency services,YES,YES,YES,YES ,YES / Link to emergency services,NO,YES / Regular meeting,NO,YES / Link to emergency services,YES / Link to external website,NO,YES / Link to external website,NO,NO,YES,YES,NO,Yes,No ,NO,NO,Yes (hidden in Meeting Resources section of Homepage),NO,YES - no district,NO,YES,NO,NO,YES,NO,YES,NO,NO,NO,NO,YES ,YES,YES,YES / In news,NO,NO,NO,NO,NO,NO,NO,No,NO,
How is the site built? ,,,site uses old school frames (inaccessible),,,,,,,,,,,,,,,,,,,,,,,,Wordpress,,,,Wordpress,,,,,,,,,,,,,,,,,,,,,,Poorly built,,,,,,,,,,,,,,,,,,,,,,,,,,,,,,,,,,,,,,,,,,,,,,,,
Where it is hosted?,,,,,,,,,,,,,,,,,,,,,,,,,,,,,,,,,,,,,,,,,,,,,,,,,https://www.thewebcorner.com/,,,,,,,,,,,,,,,,,,,,,,,,,,,,,,,,,,,,,,,,,,,,,,,,,Wordpress,,,
Technologies,Wordpress,,,,,,,,,,,,,,,,,,,,,,,,,,,,,,,,,YES,YES,YES,,,,,,,,,,,,,,,,,,,,,,,,,,,,,,,,,,,,,,,YES,,,,,,,,,,,,,,,,,,,,,,,,,,
,Google Fonts,,,,,,,,,,,,,,,,,,,,,,,,,,,,,,,,,YES,YES,YES,,,,,,,,,,,,,,,,,,,,,,,,,,,,,,,,,,,,,,,YES,,,,,,,,,,,,,,,,,,,,,,,,,,
,Facebook Insights,,,,,,,,,,,,,,,,,,,,,Technologies used by this site:,,,,,,,,,,,,YES,YES,YES,,,,,,,,,,,,,,,,,,,,,,,,,,,,,,,,,,,,,,,BlueHost,,,,,,,,,,,,,,,,,,,,,,,,,,
,Cloudflare,,,,,,,,,,,,,,,,,,,,,,,,,,,,,,,,,,,,,,,,,,,,,,,,,,,,,,,,,,,,,,,,,,,,,,,,,,,,,,,,,,,,,,,,,,,,,,,,,,,,
,,,,,,,,,,,,,,,,,,,,,,CloudFlare,,,,,,,,,,,,,,,,,,,,,,,,,,,,,,,,,,,,,,,,,,,,,,,,,,,,,,,,,,,,,,,,,,,,,,,,,,,,,,,
,,,,,,,,,,,,,,,,,,,,,,Ajax,,,,,,,,,,,,,,,,,,,,,,,,,,,,,,,,,,,,,,,,,,,,,,,,,,,,,,,,,,,,,,,,,,,,,,,,,,,,,,,
Analytics and Tracking,Google Analytics,,,,,,,,,,,,,,,,,,,,,SSL by Default,YES,,,,,,,,,,,,,,,,,,,,,,,,,,,,,,,,,,,,,,,,,,,,,,,,,,,,,,,,,,,,,,YES,,,,,,,,,,,,,,,,
,Facebook Pixel,,,,,,,,,,,,,,,,,,,,,Rackspace Email hosting,NO,,,,,,,,,,,,,,,,,,,,,,,,,,,,,,,,,,,,,,,,,,,,,,,,,,,,,,,,,,,,,,YES,,,,,,,,,,,,,,,,
,Facebook Conversion Tracking,,,,,,,,,,,,,,,,,,,,,Events Page,NO,,,,,,,,,,,,,,,,,,,,,,,,,,,,,,,,,,,,,,,,,,,,,,,,,,,,,,,,,,,,,,YES,,,,,,,,,,,,,,,,
,Global Site Tag (Google),,,,,,,,,,,,,,,,,,,,,WOW Slider,YES,,,,,,,,,,,,,,,,,,,,,,,,,,,,,,,,,,,,,,,,,,,,,,,,,,,,,,,,,,,,,,YES,,,,,,,,,,,,,,,,
Widgets,Zoom Video Conferencing,,,,,,,,,,,,,,,,,,,,,,YES,,,,,,,,,,,,,,,,,,,,,,,,,,,,,,,,,,,,,,,,,,,,,,,,,,,,,,,,,,,,,,YES,,,,,,,,,,,,,,,,
,Font Awesome,,,,,,,,,,,,,,,,,,,,,,YES,,,,,,,,,,,,,,,,,,,,,,,,,,,,,,,,,,,,,,,,,,,,,,,,,,,,,,,,,,,,,,YES,,,,,,,,,,,,,,,,
,Google Font API,,,,,,,,,,,,,,,,,,,,,,YES,,,,,,,,,,,,,,,,,,,,,,,,,,,,,,,,,,,,,,,,,,,,,,,,,,,,,,,,,,,,,,YES,,,,,,,,,,,,,,,,
,Google Tag Manager,,,,,,,,,,,,,,,,,,,,,,YES,,,,,,,,,,,,,,,,,,,,,,,,,,,,,,,,,,,,,,,,,,,,,,,,,,,,,,,,,,,,,,YES,,,,,,,,,,,,,,,,
,COVID-19 (W.H.O.),,,,,,,,,,,,,,,,,,,,,,YES,,,,,,,,,,,,,,,,,,,,,,,,,,,,,,,,,,,,,,,,,,,,,,,,,,,,,,,,,,,,,,YES,,,,,,,,,,,,,,,,
,reCAPTCHA (Google),,,,,,,,,,,,,,,,,,,,,,YES,,,,,,,,,,,,,,,,,,,,,,,,,,,,,,,,,,,,,,,,,,,,,,,,,,,,,,,,,,,,,,YES,,,,,,,,,,,,,,,,
Frameworks,PHP,,,,,,,,,,,,,,,,,,,,,,,,,,,,,,,,,,,,,,,,,,,,,,,,,,,,,,,,,,,,,,,,,,,,,,,,,,,,,,,,,,,,YES,,,,,,,,,,,,,,,,
,Semantic UI,,,,,,,,,,,,,,,,,,,,,,,,,,,,,,,,,,,,,,,,,,,,,,,,,,,,,,,,,,,,,,,,,,,,,,,,,,,,,,,,,,,,YES,,,,,,,,,,,,,,,,
Content Delivery Network,AJAX Libraries API,,,,,,,,,,,,,,,,,,,,,,,,,,,,,,,,,,,,,,,,,,,,,,,,,,,,,,,,,,,,,,,,,,,,,,,,,,,,,,,,,,,,YES,,,,,,,,,,,,,,,,
,CDN JS (CloudFlare),,,,,,,,,,,,,,,,,,,,,,,,,,,,,,,,,,,,,,,,,,,,,,,,,,,,,,,,,,,,,,,,,,,,,,,,,,,,,,,,,,,,YES,,,,,,,,,,,,,,,,
,Cloudflare JS,,,,,,,,,,,,,,,,,,,,,,,,,,,,,,,,,,,,,,,,,,,,,,,,,,,,,,,,,,,,,,,,,,,,,,,,,,,,,,,,,,,,YES,,,,,,,,,,,,,,,,
Audio / Video Media,Zoom,,,,,,,,,,,,,,,,,,,,,,,,,,,,,,,,,,,,,,,,,,,,,,,,,,,,,,,,,,,,,,,,,,,,,,,,,,,,,,,,,,,,YES,,,,,,,,,,,,,,,,
Content Management System,Plesk,,,,,,,,,,,,,,,,,,,,,,,,,,,,,,,,,,,,,,,,,,,,,,,,,,,,,,,,,,,,,,,,,,,,,,,,,,,,,,,,,,,,YES,,,,,,,,,,,,,,,,
JavaScript Libraries and Functions,Facebook SDK,,,,,,,,,,,,,,,,,,,,,,,,,,,,,,,,,,,,,,,,,,,,,,,,,,,,,,,,,,,,,,,,,,,,,,,,,,,,,,,,,,,,YES,,,,,,,,,,,,,,,,
,Facebook for Websites,,,,,,,,,,,,,,,,,,,,,,,,,,,,,,,,,,,,,,,,,,,,,,,,,,,,,,,,,,,,,,,,,,,,,,,,,,,,,,,,,,,,YES,,,,,,,,,,,,,,,,
,Google Hosted Libraries,,,,,,,,,,,,,,,,,,,,,,,,,,,,,,,,,,,,,,,,,,,,,,,,,,,,,,,,,,,,,,,,,,,,,,,,,,,,,,,,,,,,YES,,,,,,,,,,,,,,,,
,WOW Slider,,,,,,,,,,,,,,,,,,,,,,,,,,,,,,,,,,,,,,,,,,,,,,,,,,,,,,,,,,,,,,,,,,,,,,,,,,,,,,,,,,,,YES,,,,,,,,,,,,,,,,
,Fancybox,,,,,,,,,,,,,,,,,,,,,,,,,,,,,,,,,,,,,,,,,,,,,,,,,,,,,,,,,,,,,,,,,,,,,,,,,,,,,,,,,,,,YES,,,,,,,,,,,,,,,,
Advertising,Facebook Custom Audiences,,,,,,,,,,,,,,,,,,,,,,,,,,,,,,,,,,,,,,,,,,,,,,,,,,,,,,,,,,,,,,,,,,,,,,,,,,,,,,,,,,,,YES,,,,,,,,,,,,,,,,
Verified Link,Events Page,,,,,,,,,,,,,,,,,,,,,,,,,,,,,,,,,,,,,,,,,,,,,,,,,,,,,,,,,,,,,,,,,,,,,,,,,,,,,,,,,,,,YES,,,,,,,,,,,,,,,,
Email Hosting Providers,Google Apps for Business,,,,,,,,,,,,,,,,,,,,,,,,,,,,,,,,,,,,,,,,,,,,,,,,,,,,,,,,,,,,,,,,,,,,,,,,,,,,,,,,,,,,YES,,,,,,,,,,,,,,,,
,DMARC,,,,,,,,,,,,,,,,,,,,,,,,,,,,,,,,,,,,,,,,,,,,,,,,,,,,,,,,,,,,,,,,,,,,,,,,,,,,,,,,,,,,YES,,,,,,,,,,,,,,,,
,SPF,,,,,,,,,,,,,,,,,,,,,,,,,,,,,,,,,,,,,,,,,,,,,,,,,,,,,,,,,,,,,,,,,,,,,,,,,,,,,,,,,,,,YES,,,,,,,,,,,,,,,,
Name Server,Cloudflare DNS,,,,,,,,,,,,,,,,,,,,,,,,,,,,,,,,,,,,,,,,,,,,,,,,,,,,,,,,,,,,,,,,,,,,,,,,,,,,,,,,,,,,YES,,,,,,,,,,,,,,,,
SSL Certificates,Let’s Encrypt,,,,,,,,,,,,,,,,,,,,,,,,,,,,,,,,,,,,,,,,,,,,,,,,,,,,,,,,,,,,,,,,,,,,,,,,,,,,,,,,,,,,YES,,,,,,,,,,,,,,,,
,SSL by Default,,,,,,,,,,,,,,,,,,,,,,,,,,,,,,,,,,,,,,,,,,,,,,,,,,,,,,,,,,,,,,,,,,,,,,,,,,,,,,,,,,,,YES,,,,,,,,,,,,,,,,
Web Hosting Providers,Black Lotus,,,,,,,,,,,,,,,,,,,,,,,,,,,,,,,,,,,,,,,,,,,,,,,,,,,,,,,,,,,,,,,,,,,,,,,,,,,,,,,,,,,,YES,,,,,,,,,,,,,,,,
Web Servers,Apache,,,,,,,,,,,,,,,,,,,,,,YES,,,,,,,,,,,,,,,,,,,,,,,,,,,,,,,,,,,,,,,,,,,,,,,,,,,,,,,,,,,,,,YES,,,,,,,,,,,,,,,,
,nginx,,,,,,,,,,,,,,,,,,,,,,,,,,,,,,,,,,,,,,,,,,,,,,,,,,,,,,,,,,,,,,,,,,,,,,,,,,,,,,,,,,,,YES,,,,,,,,,,,,,,,,
Operating Systems and Servers,Parallels Plesk Panel,,,,,,,,,,,,,,,,,,,,,,,,,,,,,,,,,,,,,,,,,,,,,,,,,,,,,,,,,,,,,,,,,,,,,,,,,,,,,,,,,,,,YES,,,,,,,,,,,,,,,,
,,,,,,,,,,,,,,,,,,,,,,,,,,,,,,,,,,,,,,,,,,,,,,,,,,,,,,,,,,,,,,,,,,,,,,,,,,,,,,,,,,,,,,,,,,,,,,,,,,,,,
,,,,,,,,,,,,,,,,,,,,,,,,,,,,,,,,,,,,,,,,,,,,,,,,,,,,,,,,,,,,,,,,,,,,,,,,,,,,,,,,,,,,,,,,,,,,,,,,,,,,,
,,,,,,,,,,,,,,,,,,,,,,,,,,,,,,,,,,,,,,,,,,,,,,,,,,,,,,,,,,,,,,,,,,,,,,,,,,,,,,,,,,,,,,,,,,,,,,,,,,,,,
,,,,,,,,,,,,,,,,,,,,,,,,,,,,,,,,,,,,,,,,,,,,,,,,,,,,,,,,,,,,,,,,,,,,,,,,,,,,,,,,,,,,,,,,,,,,,,,,,,,,,
,,,,,,,,,,,,,,,,,,,,,,,,,,,,,,,,,,,,,,,,,,,,,,,,,,,,,,,,,,,,,,,,,,,,,,,,,,,,,,,,,,,,,,,,,,,,,,,,,,,,,
,,,,,,,,,,,,,,,,,,,,,,,,,,,,,,,,,,,,,,,,,,,,,,,,,,,,,,,,,,,,,,,,,,,,,,,,,,,,,,,,,,,,,,,,,,,,,,,,,,,,,
,,,,,,,,,,,,,,,,,,,,,,,,,,,,,,,,,,,,,,,,,,,,,,,,,,,,,,,,,,,,,,,,,,,,,,,,,,,,,,,,,,,,,,,,,,,,,,,,,,,,,
,,,,,,,,,,,,,,,,,,,,,,,,,,,,,,,,,,,,,,,,,,,,,,,,,,,,,,,,,,,,,,,,,,,,,,,,,,,,,,,,,,,,,,,,,,,,,,,,,,,,,
,,,,,,,,,,,,,,,,,,,,,,,,,,,,,,,,,,,,,,,,,,,,,,,,,,,,,,,,,,,,,,,,,,,,,,,,,,,,,,,,,,,,,,,,,,,,,,,,,,,,,
,,,,,,,,,,,,,,,,,,,,,,,,,,,,,,,,,,,,,,,,,,,,,,,,,,,,,,,,,,,,,,,,,,,,,,,,,,,,,,,,,,,,,,,,,,,,,,,,,,,,,
,,,,,,,,,,,,,,,,,,,,,,,,,,,,,,,,,,,,,,,,,,,,,,,,,,,,,,,,,,,,,,,,,,,,,,,,,,,,,,,,,,,,,,,,,,,,,,,,,,,,,
,,,,,,,,,,,,,,,,,,,,,,,,,,,,,,,,,,,,,,,,,,,,,,,,,,,,,,,,,,,,,,,,,,,,,,,,,,,,,,,,,,,,,,,,,,,,,,,,,,,,,
,,,,,,,,,,,,,,,,,,,,,,,,,,,,,,,,,,,,,,,,,,,,,,,,,,,,,,,,,,,,,,,,,,,,,,,,,,,,,,,,,,,,,,,,,,,,,,,,,,,,,
,,,,,,,,,,,,,,,,,,,,,,,,,,,,,,,,,,,,,,,,,,,,,,,,,,,,,,,,,,,,,,,,,,,,,,,,,,,,,,,,,,,,,,,,,,,,,,,,,,,,,
,,,,,,,,,,,,,,,,,,,,,,,,,,,,,,,,,,,,,,,,,,,,,,,,,,,,,,,,,,,,,,,,,,,,,,,,,,,,,,,,,,,,,,,,,,,,,,,,,,,,,
,,,,,,,,,,,,,,,,,,,,,,,,,,,,,,,,,,,,,,,,,,,,,,,,,,,,,,,,,,,,,,,,,,,,,,,,,,,,,,,,,,,,,,,,,,,,,,,,,,,,,
,,,,,,,,,,,,,,,,,,,,,,,,,,,,,,,,,,,,,,,,,,,,,,,,,,,,,,,,,,,,,,,,,,,,,,,,,,,,,,,,,,,,,,,,,,,,,,,,,,,,,
,,,,,,,,,,,,,,,,,,,,,,,,,,,,,,,,,,,,,,,,,,,,,,,,,,,,,,,,,,,,,,,,,,,,,,,,,,,,,,,,,,,,,,,,,,,,,,,,,,,,,
,,,,,,,,,,,,,,,,,,,,,,,,,,,,,,,,,,,,,,,,,,,,,,,,,,,,,,,,,,,,,,,,,,,,,,,,,,,,,,,,,,,,,,,,,,,,,,,,,,,,,
,,,,,,,,,,,,,,,,,,,,,,,,,,,,,,,,,,,,,,,,,,,,,,,,,,,,,,,,,,,,,,,,,,,,,,,,,,,,,,,,,,,,,,,,,,,,,,,,,,,,,
,,,,,,,,,,,,,,,,,,,,,,,,,,,,,,,,,,,,,,,,,,,,,,,,,,,,,,,,,,,,,,,,,,,,,,,,,,,,,,,,,,,,,,,,,,,,,,,,,,,,,
,,,,,,,,,,,,,,,,,,,,,,,,,,,,,,,,,,,,,,,,,,,,,,,,,,,,,,,,,,,,,,,,,,,,,,,,,,,,,,,,,,,,,,,,,,,,,,,,,,,,,
,,,,,,,,,,,,,,,,,,,,,,,,,,,,,,,,,,,,,,,,,,,,,,,,,,,,,,,,,,,,,,,,,,,,,,,,,,,,,,,,,,,,,,,,,,,,,,,,,,,,,
,,,,,,,,,,,,,,,,,,,,,,,,,,,,,,,,,,,,,,,,,,,,,,,,,,,,,,,,,,,,,,,,,,,,,,,,,,,,,,,,,,,,,,,,,,,,,,,,,,,,,
,,,,,,,,,,,,,,,,,,,,,,,,,,,,,,,,,,,,,,,,,,,,,,,,,,,,,,,,,,,,,,,,,,,,,,,,,,,,,,,,,,,,,,,,,,,,,,,,,,,,,
,,,,,,,,,,,,,,,,,,,,,,,,,,,,,,,,,,,,,,,,,,,,,,,,,,,,,,,,,,,,,,,,,,,,,,,,,,,,,,,,,,,,,,,,,,,,,,,,,,,,,
,,,,,,,,,,,,,,,,,,,,,,,,,,,,,,,,,,,,,,,,,,,,,,,,,,,,,,,,,,,,,,,,,,,,,,,,,,,,,,,,,,,,,,,,,,,,,,,,,,,,,
,,,,,,,,,,,,,,,,,,,,,,,,,,,,,,,,,,,,,,,,,,,,,,,,,,,,,,,,,,,,,,,,,,,,,,,,,,,,,,,,,,,,,,,,,,,,,,,,,,,,,
,,,,,,,,,,,,,,,,,,,,,,,,,,,,,,,,,,,,,,,,,,,,,,,,,,,,,,,,,,,,,,,,,,,,,,,,,,,,,,,,,,,,,,,,,,,,,,,,,,,,,
,,,,,,,,,,,,,,,,,,,,,,,,,,,,,,,,,,,,,,,,,,,,,,,,,,,,,,,,,,,,,,,,,,,,,,,,,,,,,,,,,,,,,,,,,,,,,,,,,,,,,
,,,,,,,,,,,,,,,,,,,,,,,,,,,,,,,,,,,,,,,,,,,,,,,,,,,,,,,,,,,,,,,,,,,,,,,,,,,,,,,,,,,,,,,,,,,,,,,,,,,,,
,,,,,,,,,,,,,,,,,,,,,,,,,,,,,,,,,,,,,,,,,,,,,,,,,,,,,,,,,,,,,,,,,,,,,,,,,,,,,,,,,,,,,,,,,,,,,,,,,,,,,
,,,,,,,,,,,,,,,,,,,,,,,,,,,,,,,,,,,,,,,,,,,,,,,,,,,,,,,,,,,,,,,,,,,,,,,,,,,,,,,,,,,,,,,,,,,,,,,,,,,,,
,,,,,,,,,,,,,,,,,,,,,,,,,,,,,,,,,,,,,,,,,,,,,,,,,,,,,,,,,,,,,,,,,,,,,,,,,,,,,,,,,,,,,,,,,,,,,,,,,,,,,
,,,,,,,,,,,,,,,,,,,,,,,,,,,,,,,,,,,,,,,,,,,,,,,,,,,,,,,,,,,,,,,,,,,,,,,,,,,,,,,,,,,,,,,,,,,,,,,,,,,,,
,,,,,,,,,,,,,,,,,,,,,,,,,,,,,,,,,,,,,,,,,,,,,,,,,,,,,,,,,,,,,,,,,,,,,,,,,,,,,,,,,,,,,,,,,,,,,,,,,,,,,
,,,,,,,,,,,,,,,,,,,,,,,,,,,,,,,,,,,,,,,,,,,,,,,,,,,,,,,,,,,,,,,,,,,,,,,,,,,,,,,,,,,,,,,,,,,,,,,,,,,,,
,,,,,,,,,,,,,,,,,,,,,,,,,,,,,,,,,,,,,,,,,,,,,,,,,,,,,,,,,,,,,,,,,,,,,,,,,,,,,,,,,,,,,,,,,,,,,,,,,,,,,
,,,,,,,,,,,,#ERROR!,,,,,,,,,,,,,,,,,,,,,,,,,,,,,,,,,,,,,,,,,,,,,,,,,,,,,,,,,,,,,,,,,,,,,,,,,,,,,,,,,,,,,,,,,